,ticker,company,date,year,compound_score,neg_score,neu_score,pos_score,tweet,quarter
0,MMM,3M Company,20180630,2018,0.0,0.0,1.0,0.0,3M Co (MMM) Holder Walter &amp; Keenan Financial Consulting Company Upped Holding ... https://t.co/wbJSJCYx7G $MMM #stocks #stockmarket,2018Q2
1,MMM,3M Company,20180629,2018,0.0,0.0,1.0,0.0,Vaughan David Investments Has Decreased By $1.06 Million Its 3M Company $MMM Position; 5 Bullish Analysts Covering… https://t.co/idfLXgSRoP,2018Q2
2,MMM,3M Company,20180629,2018,0.4939,0.0,0.856,0.144,Davidson D A &amp; Company Lifted Its 3M Co $MMM Holding; Nelson Van Denburg &amp; Campbell Wealth Management Group Has Tri… https://t.co/1i8cpac2Fc,2018Q2
3,MMM,3M Company,20180629,2018,0.4939,0.0,0.849,0.151,"Blue Bell Private Wealth Management Has Raised 3M Company $MMM Holding by $427,050; Stock Price Declined; As Watts… https://t.co/GihsOcYJos",2018Q2
4,MMM,3M Company,20180629,2018,-0.296,0.136,0.864,0.0,China Rapid Finance $XRF Gets Morgan Stanley Lower Rating; 6 Analysts Bullish 3M Company $MMM https://t.co/C837jz0KHJ,2018Q2
5,MMM,3M Company,20180629,2018,0.0,0.0,1.0,0.0,EPS for 3M Company $MMM Expected At $2.63; Agenus $AGEN Sentiment Is 1.46 - https://t.co/4aSAwJtCub,2018Q2
6,MMM,3M Company,20180629,2018,0.128,0.107,0.761,0.132,"Focused Investors Cut 3M Company $MMM Stake By $1.77 Million; Last Week BlackRock, Inc. $BLK Analysts - https://t.co/En52t8wzjc",2018Q2
7,MMM,3M Company,20180628,2018,0.0,0.0,1.0,0.0,"As 3M Company $MMM Stock Declined, Cs Mckee LP Has Trimmed by $602,250 Its Position; Brookmont Capital Management T… https://t.co/SNci8USlMX",2018Q2
8,MMM,3M Company,20180628,2018,0.34,0.0,0.876,0.124,"As 3M Company $MMM Market Value Declined, Jensen Investment Management Has Raised by $706,932 Its Position; Sheets… https://t.co/LPzI62YsHL",2018Q2
9,MMM,3M Company,20180628,2018,0.0,0.0,1.0,0.0,3M Company $MMM EPS Estimated At $2.63; Revlon New $REV SI Decreased By 13.61% - https://t.co/a3cZunKQgj,2018Q2
10,MMM,3M Company,20180628,2018,0.5106,0.0,0.845,0.155,"Chemung Canal Trust Company Has Trimmed By $420,699 Its 3M Co $MMM Holding; Prosperity Bancshares Has 0.95 Sentimen… https://t.co/cSsDmUmZvQ",2018Q2
11,MMM,3M Company,20180628,2018,0.0,0.0,1.0,0.0,"As 3M Company $MMM Valuation Declined, Osher Van De Voorde Investment Management Decreased Its Holding; Osborne Par… https://t.co/Tv0Fs1yotG",2018Q2
12,MMM,3M Company,20180628,2018,0.296,0.0,0.891,0.109,Murphy Capital Management Has Trimmed Its Mmm $3M Company $MMM Holding as Share Price Declined; Cavium $CAVM Positi… https://t.co/ASljeGViMW,2018Q2
13,MMM,3M Company,20180628,2018,0.2732,0.0,0.896,0.104,Intl Paper Co $IP Market Valuation Declined While Btc Capital Management Increased Its Position; West Oak Capital H… https://t.co/RhtVgnhR1l,2018Q2
14,MMM,3M Company,20180627,2018,0.0,0.0,1.0,0.0,"As 3M Company $MMM Stock Price Declined, Holder Osher Van De Voorde Investment Management Trimmed Stake by $1.28 Mi… https://t.co/9b7Fe2gN7Y",2018Q2
15,MMM,3M Company,20180627,2018,0.0,0.0,1.0,0.0,Birch Hill Investment Advisors Trimmed Its 3M Co $MMM Holding as Market Valuation Declined; General Electric Compan… https://t.co/wdELLfUrrP,2018Q2
16,MMM,3M Company,20180627,2018,0.4466,0.0,0.86,0.14,"S&amp;Co Decreased By $512,898 Its 3M Company Com $MMM Holding; OCADO GROUP PLC HATFIELD ORDINARY SHARES $OCDGF Shorts… https://t.co/c3LgyfcI1V",2018Q2
17,MMM,3M Company,20180627,2018,0.7964,0.0,0.649,0.351,"As Firstenergy $FE Shares Rose, Visionary Asset Management Trimmed by $315,996 Its Position; 3M Company $MMM Shareh… https://t.co/hpq9lvZEDU",2018Q2
18,MMM,3M Company,20180627,2018,0.5574,0.0,0.796,0.204,Qv Investors Has Decreased Its Wal $WMT Holding by $23.18 Million; Share Value Declined; As 3M Company $MMM Market… https://t.co/zGqDUGcj1T,2018Q2
19,MMM,3M Company,20180627,2018,0.4939,0.0,0.833,0.167,Greenwich Wealth Management Has Decreased Cisco Sys $CSCO Position by $9.90 Million; Market Valuation Declined; Con… https://t.co/5dLRGl6gVj,2018Q2
20,MMM,3M Company,20180627,2018,0.5574,0.0,0.796,0.204,Rowland &amp; Company Investment Counsel Raised Its Position in 3M Company $MMM by $98.22 Million as Share Value Declin… https://t.co/GDc1T1Hqli,2018Q2
21,MMM,3M Company,20180627,2018,0.0,0.0,1.0,0.0,First Manhattan Company Continues to Hold Position in British Amer Tob Plc $BTI; Douglass Winthrop Advisors Positio… https://t.co/VakhTcGJPv,2018Q2
22,MMM,3M Company,20180627,2018,0.6597,0.064,0.684,0.252,"Liberty Mutual Group Asset Management Lowered Old Dominion Fght Lines $ODFL Position by $568,378 as Stock Price Ros… https://t.co/xeOxXASKw1",2018Q2
23,MMM,3M Company,20180626,2018,0.0,0.0,1.0,0.0,3M Company $MMM Analysts See $2.63 EPS - https://t.co/Jn3Bl6fVO6,2018Q2
24,MMM,3M Company,20180626,2018,0.0,0.0,1.0,0.0,EPS for 3M Company $MMM Expected At $2.63 https://t.co/AqSm9XyC6J,2018Q2
25,MMM,3M Company,20180626,2018,0.0,0.0,1.0,0.0,EPS for 3M Company $MMM Expected At $2.63 https://t.co/8TDeCbPd2f,2018Q2
26,MMM,3M Company,20180626,2018,0.0,0.0,1.0,0.0,Analysts See $2.63 EPS for 3M Company $MMM https://t.co/STRD2ZLhX8,2018Q2
27,MMM,3M Company,20180626,2018,0.25,0.0,0.889,0.111,"Northstar Investment Advisors Raised Holding in Wp Carey  $WPC by $629,398; Bluestein R H &amp; Company Increases Posit… https://t.co/SA6AoFUo1G",2018Q2
28,MMM,3M Company,20180626,2018,0.5994,0.0,0.786,0.214,"3M Company $MMM Holder Cubic Asset Management Has Decreased Its Holding by $461,871 as Stock Value Declined; As Pop… https://t.co/M7iCYsaTWu",2018Q2
29,MMM,3M Company,20180626,2018,0.0,0.0,1.0,0.0,Prologis $PLD Valuation Rose While Aew Capital Management LP Has Trimmed Its Stake by $52.08 Million; Meyer Handelm… https://t.co/PfEBjsuUBX,2018Q2
30,MMM,3M Company,20180626,2018,0.4939,0.0,0.842,0.158,"Blue Bell Private Wealth Management Has Raised 3M Company $MMM Position By $427,050; GROGENESIS $GROG Shorts Raised… https://t.co/iIIht88LZe",2018Q2
31,MMM,3M Company,20180626,2018,0.0,0.0,1.0,0.0,Murphy Capital Management Has Decreased Its Stake in Mmm $3M Company $MMM as Valuation Declined; As General Electri… https://t.co/rWk0jTBU1L,2018Q2
32,MMM,3M Company,20180626,2018,-0.128,0.077,0.923,0.0,3M Co. $MMM Stock Price Declined While Schafer Cullen Capital Management Lowered by $6.89 Million Its Position; As… https://t.co/CP4a6EJSjo,2018Q2
33,MMM,3M Company,20180626,2018,0.0,0.0,1.0,0.0,Analysts See $1.60 EPS for Tractor Supply Company $TSCO; Northeast Investment Management Has Decreased Its 3M Co… https://t.co/PAonarDFEE,2018Q2
34,MMM,3M Company,20180626,2018,0.0,0.0,1.0,0.0,Analysts See $2.63 EPS for 3M Company $MMM; Embraer S.A. $ERJ Shorts Decreased By 19.73% - https://t.co/tyizRXAxbj,2018Q2
35,MMM,3M Company,20180626,2018,0.0,0.0,1.0,0.0,Rowland &amp; Company Investment Counsel Raised By $98.22 Million Its 3M Company $MMM Holding; Caesars Entertainment… https://t.co/XzKFqrECi9,2018Q2
36,MMM,3M Company,20180626,2018,0.4466,0.0,0.86,0.14,Murphy Capital Management Trimmed Mmm $3M Company $MMM Stake; ENGIE SA ORDINARY SHARES FRANCE $ENGQF Shorts Down By… https://t.co/rRqhZBhnSa,2018Q2
37,MMM,3M Company,20180626,2018,-0.3612,0.189,0.811,0.0,Michael Kors Holdings LTD  $KORS Shareholder Grimes &amp; Company Has Lowered Stake; First Fiduciary Investment Counsel… https://t.co/FXvYr54xC2,2018Q2
38,MMM,3M Company,20180625,2018,0.296,0.0,0.879,0.121,"3M Company $MMM Holder Confluence Investment Management Decreased Its Position by $929,217 as Share Price Declined;… https://t.co/yB1VyYBM9x",2018Q2
39,MMM,3M Company,20180625,2018,0.296,0.0,0.885,0.115,3M Company $MMM Shareholder Wesbanco Bank Decreased Stake as Share Price Declined; Gogo $GOGO Market Valuation Decl… https://t.co/fZNyIJEvHt,2018Q2
40,MMM,3M Company,20180625,2018,0.3612,0.0,0.898,0.102,Kkr &amp; Co LP Del $KKR Market Valuation Rose While Gvo Asset Management LTD Raised Its Stake; 3M Company $MMM Stock D… https://t.co/cF5jLTDuE4,2018Q2
41,MMM,3M Company,20180625,2018,0.0,0.0,1.0,0.0,3M Co: Heavy volume for 3M Company stock. $MMM https://t.co/dS64sIMoSi https://t.co/eB9sPse1zR,2018Q2
42,MMM,3M Company,20180625,2018,0.0,0.0,1.0,0.0,3M Company $MMM Shareholder Osher Van De Voorde Investment Management Has Trimmed Position by $1.28 Million as Valu… https://t.co/g60uwcE4Fj,2018Q2
43,MMM,3M Company,20180625,2018,-0.128,0.091,0.909,0.0,3M Company $MMM EPS Estimated At $2.63; John Bean Technologies $JBT Shorts Lowered By 0.1% - https://t.co/a5bFwE7Kab,2018Q2
44,MMM,3M Company,20180625,2018,0.5994,0.0,0.786,0.214,Hain Celestial Group $HAIN Shares Declined While Engaged Capital Has Lifted by $45.04 Million Its Position; As 3M C… https://t.co/42Fh5Po8T7,2018Q2
45,MMM,3M Company,20180624,2018,0.2263,0.075,0.804,0.121,"As 3M Company $MMM Stock Value Declined, Farmers &amp; Merchants Investments Lowered Position by $591,957; Oldfield Par… https://t.co/BNjEWkiCUP",2018Q2
46,MMM,3M Company,20180624,2018,0.2732,0.0,0.87,0.13,Signature Financial Management Has Increased Its Townebank Portsmouth Va $TOWN Holding; Interocean Capital Decrease… https://t.co/ARSM8tr4fa,2018Q2
47,MMM,3M Company,20180624,2018,0.2732,0.0,0.896,0.104,3M Company $MMM EPS Estimated At $2.63; Tortoise Capital Advisors Has Decreased Its Nextera Energy Partners LP $NEP… https://t.co/rJAAbBvG2i,2018Q2
48,MMM,3M Company,20180623,2018,0.0,0.0,1.0,0.0,Allen Investment Management Increases Stake in Transdigm Group $TDG; Osher Van De Voorde Investment Management Has… https://t.co/IhA6BanExN,2018Q2
49,MMM,3M Company,20180623,2018,0.0,0.0,1.0,0.0,"3M Co $MMM Holder Ibm Retirement Fund Has Decreased Stake by $330,909; State Farm Mutual Automobile Insurance Compa… https://t.co/PEzpNTaJWA",2018Q2
50,MMM,3M Company,20180623,2018,0.0,0.0,1.0,0.0,3M Company $MMM EPS Estimated At $2.63; Geode Capital Management Has Raised Alexandria Real Estate Equit $ARE Stake https://t.co/MJJJ3Kv2gu,2018Q2
51,MMM,3M Company,20180623,2018,0.3612,0.0,0.872,0.128,"3M Company $MMM Holder Cubic Asset Management Has Decreased Position by $461,871 as Market Valuation Declined; Alig… https://t.co/TBG8DhYvlL",2018Q2
52,MMM,3M Company,20180623,2018,-0.2732,0.104,0.896,0.0,"3M $MMM Market Valuation Declined While Notis-Mcconarty Edward Cut Its Stake by $309,885; Philip Morris Intl $PM Ho… https://t.co/L5rYj8FzkT",2018Q2
53,MMM,3M Company,20180623,2018,-0.128,0.091,0.909,0.0,"VistaGen Therapeutics, Inc. $VTGN Analysts See $-0.28 EPS; Wesbanco Bank Lowered 3M Company $MMM Stake https://t.co/jU00fxaOMK",2018Q2
54,ABT,Abbott Laboratories,20180702,2018,0.0,0.0,1.0,0.0,Analysts See $0.71 EPS for Abbott Laboratories $ABT - https://t.co/BMUdajUxaY,2018Q3
55,ABT,Abbott Laboratories,20180702,2018,0.2023,0.0,0.859,0.141,Abbott Laboratories $ABT Formed Multiple Top Chart Pattern; Buyers Could Thrive - https://t.co/W7CfR3IY2b,2018Q3
56,ABT,Abbott Laboratories,20180701,2018,0.296,0.0,0.833,0.167,$0.71 Earnings Per Share Expected for Abbott Laboratories $ABT This Quarter https://t.co/snN37vj3ay,2018Q3
57,ABT,Abbott Laboratories,20180701,2018,0.0,0.0,1.0,0.0,Brokerages Anticipate Abbott Laboratories $ABT Will Announce Quarterly Sales of $7.74 Billion https://t.co/tYkubPu8Pt,2018Q3
58,ABT,Abbott Laboratories,20180701,2018,0.0,0.0,1.0,0.0,$7.74 Billion in Sales Expected for Abbott Laboratories $ABT This Quarter https://t.co/njRtBaoeJX,2018Q3
59,ABT,Abbott Laboratories,20180701,2018,0.296,0.0,0.833,0.167,$0.71 Earnings Per Share Expected for Abbott Laboratories $ABT This Quarter https://t.co/rShlvpLJro,2018Q3
60,ABT,Abbott Laboratories,20180701,2018,0.0,0.0,1.0,0.0,Zacks: Analysts Expect Abbott Laboratories $ABT Will Post Quarterly Sales of $7.74 Billion https://t.co/S9HGYC3BiL,2018Q3
61,ABT,Abbott Laboratories,20180701,2018,0.0,0.0,1.0,0.0,$7.74 Billion in Sales Expected for Abbott Laboratories $ABT This Quarter https://t.co/mbmu9gOWbY,2018Q3
62,ABT,Abbott Laboratories,20180701,2018,0.0,0.0,1.0,0.0,$7.74 Billion in Sales Expected for Abbott Laboratories $ABT This Quarter https://t.co/PyTE8MVWGu,2018Q3
63,ABT,Abbott Laboratories,20180701,2018,0.3612,0.0,0.878,0.122,"Meyer Handelman Co Boosted Qualcomm Com $QCOM Stake by $918,500; Abbott Laboratories $ABT Shareholder Hm Payson &amp; C… https://t.co/HguK4PHrzX",2018Q3
64,ABT,Abbott Laboratories,20180701,2018,-0.1027,0.065,0.935,0.0,"Abbott Laboratories $ABT to pay $0.28 on Aug 15, 2018; Cohen &amp; Steers Select Preferred &amp; Income Fund $PSF Sentiment… https://t.co/kCehcy4wWU",2018Q3
65,ABT,Abbott Laboratories,20180701,2018,0.296,0.0,0.82,0.18,"Brown Advisory Inc. Sells 73,767 Shares of Abbott Laboratories $ABT https://t.co/Els6qP6rWj",2018Q3
66,ABT,Abbott Laboratories,20180701,2018,0.0,0.0,1.0,0.0,Abbott Laboratories $ABT Earns Outperform Rating from Analysts at Sanford C. Bernstein https://t.co/Akjp1F4imY,2018Q3
67,ABT,Abbott Laboratories,20180701,2018,0.0,0.0,1.0,0.0,Abbott Laboratories $ABT Earns Outperform Rating from Analysts at Sanford C. Bernstein https://t.co/MFyJqBAM35,2018Q3
68,ABT,Abbott Laboratories,20180630,2018,0.0,0.0,1.0,0.0,Abbott Laboratories $ABT Research Coverage Started at Sanford C. Bernstein https://t.co/0G86CrnvMk,2018Q2
69,ABT,Abbott Laboratories,20180630,2018,0.0,0.0,1.0,0.0,Abbott Laboratories $ABT Coverage Initiated by Analysts at Sanford C. Bernstein https://t.co/5dttxjelGp,2018Q2
70,ABT,Abbott Laboratories,20180630,2018,0.296,0.0,0.833,0.167,"Bruce &amp; Co. Inc. Buys 15,800 Shares of Abbott Laboratories $ABT https://t.co/hUgcdvCzGq",2018Q2
71,ABT,Abbott Laboratories,20180630,2018,0.0,0.0,1.0,0.0,HAP Trading LLC Reduces Position in Abbott Laboratories $ABT  https://t.co/ZbLTmwRw7a,2018Q2
72,ABT,Abbott Laboratories,20180629,2018,0.0772,0.0,0.942,0.058,A bullish Moving out of Oversold has occurred at 4:00 PM Jun 29 at  $60.98 on Abbott Laboratories (ABT) $ABT Want t… https://t.co/2JnhpdiRxm,2018Q2
73,ABT,Abbott Laboratories,20180629,2018,0.0,0.0,1.0,0.0,Levin Capital Strategies LP Has Upped Its Kkr &amp; Co LP Del $KKR Position by $1.24 Million; Valuation Rose; Hl Financ… https://t.co/Z0eUxqUadW,2018Q2
74,ABT,Abbott Laboratories,20180629,2018,0.0,0.0,1.0,0.0,Abbott Laboratories $ABT Shareholder Graybill Bartz &amp; Assoc LTD Has Decreased Its Stake; As Altra Indl Motion $AIMC… https://t.co/nL62jxsEs7,2018Q2
75,ABT,Abbott Laboratories,20180629,2018,0.296,0.0,0.833,0.167,Abbott Laboratories $ABT Shares Sold by The Manufacturers Life Insurance Company https://t.co/ENIZPgOIFv,2018Q2
76,ABT,Abbott Laboratories,20180629,2018,0.2732,0.0,0.87,0.13,Schmidt P J Investment Management Has Increased Its Abbott Laboratories $ABT Holding; Geode Capital Management Incr… https://t.co/rqnoH998mC,2018Q2
77,ABT,Abbott Laboratories,20180629,2018,0.0,0.0,1.0,0.0,Abbott Laboratories $ABT Trades at $61.27 After Triangle; Immunomedics Has 1.26 Sentiment - https://t.co/PnXRiMHD75,2018Q2
78,ABT,Abbott Laboratories,20180629,2018,0.0,0.0,1.0,0.0,"Ledyard National Bank Trimmed Abbott Laboratories $ABT Holding By $836,561; Logan Capital Management Trimmed Its Gl… https://t.co/z0j54fV8E5",2018Q2
79,ABT,Abbott Laboratories,20180629,2018,-0.1027,0.08,0.92,0.0,"Abbott Laboratories $ABT to pay $0.28 on Aug 15, 2018; Transcat $TRNS SI Decreased By 12.05% - https://t.co/1bpFldYPpl",2018Q2
80,ABT,Abbott Laboratories,20180629,2018,0.3612,0.0,0.865,0.135,"Confluence Investment Management Has Boosted By $596,313 Its Abbott Laboratories $ABT Stake; Medley Capital $MCC Ha… https://t.co/suBIEItdBT",2018Q2
81,ABT,Abbott Laboratories,20180629,2018,0.296,0.0,0.804,0.196,Abbott Laboratories $ABT Shares Bought by Private Ocean LLC  https://t.co/tX91cShTFy,2018Q2
82,ABT,Abbott Laboratories,20180628,2018,0.5106,0.0,0.845,0.155,"As General Electric Co $GE Stock Price Declined, Holder Mechanics Bank Trust Department Trimmed Its Position by $36… https://t.co/cqkfSojzxf",2018Q2
83,ABT,Abbott Laboratories,20180628,2018,0.3612,0.0,0.878,0.122,"Martin Currie LTD Has Decreased Position in Accenture Plc Ireland $ACN by $807,687; Dock Street Asset Management Ha… https://t.co/2niuW1q95M",2018Q2
84,ABT,Abbott Laboratories,20180628,2018,-0.2732,0.1,0.9,0.0,"As Abbott Laboratories $ABT Stock Rose, Shareholder Graybill Bartz &amp; Assoc LTD Cut Its Position by $407,572; As Jd… https://t.co/qfxOLmEovw",2018Q2
85,ABT,Abbott Laboratories,20180628,2018,0.0772,0.0,0.942,0.058,A bullish Big MAC (Bullish) has occurred at 12:00 PM Jun 28 at  $61.32 on Abbott Laboratories (ABT) $ABT Want to Ea… https://t.co/btybdKJ1Ns,2018Q2
86,ABT,Abbott Laboratories,20180628,2018,0.0516,0.0,0.938,0.062,GOL Linhas AÃ©reas Inteligentes S.A. $GOL Reaches $5.41 After 7.00% Up Move; Last Week Abbott Laboratories $ABT Cov… https://t.co/sm4sveSDEr,2018Q2
87,ABT,Abbott Laboratories,20180628,2018,0.0,0.0,1.0,0.0,"Nuwave Investment Management Raised By $323,320 Its Abbott Laboratories $ABT Holding; Shorts at SHENZHEN INVESTMENT… https://t.co/ovT3udQBZf",2018Q2
88,ABT,Abbott Laboratories,20180628,2018,0.2732,0.0,0.9,0.1,Patten &amp; Patten Upped By $1.06 Million Its Abbott Laboratories $ABT Stake; Qumu $QUMU Sellers Increased By 8.41% Th… https://t.co/uuBoVq02ns,2018Q2
89,ABT,Abbott Laboratories,20180628,2018,0.0,0.0,1.0,0.0,Eastern Bank Upped Abbott Laboratories $ABT Stake by $12.41 Million; Goodyear Tires $GT Shareholder Cim Investment… https://t.co/NORjC5fQWn,2018Q2
90,ABT,Abbott Laboratories,20180628,2018,0.6124,0.091,0.603,0.306,Dock Street Asset Management Position in Abbott Laboratories $ABT Has Cut as Share Value Rose; Parametrica Manageme… https://t.co/HeQEYz9wuE,2018Q2
91,ABT,Abbott Laboratories,20180628,2018,0.0,0.0,1.0,0.0,"Graybill Bartz &amp; Assoc LTD Has Trimmed By $407,572 Its Abbott Laboratories $ABT Holding; Mfa Financial $MFA Has 0.9… https://t.co/QzKmXvAS6w",2018Q2
92,ABT,Abbott Laboratories,20180628,2018,-0.2732,0.139,0.861,0.0,Livforsakringsbolaget Skandia Omsesidigt Has Cut Abbott Laboratories $ABT Stake; Capital Research Global Investors… https://t.co/4b3FWuAyx6,2018Q2
93,ABT,Abbott Laboratories,20180628,2018,0.0,0.0,1.0,0.0,Abbott Laboratories $ABT Research Coverage Started at Sanford C. Bernstein https://t.co/HGFEn5tvgz,2018Q2
94,ABT,Abbott Laboratories,20180628,2018,0.296,0.0,0.891,0.109,Lamar Advertising Co New $LAMR Share Price Declined While Provise Management Group Has Trimmed Its Stake; Eastern B… https://t.co/roOQCu7hSY,2018Q2
95,ABT,Abbott Laboratories,20180628,2018,0.0,0.0,1.0,0.0,Abbott Laboratories $ABT Coverage Initiated by Analysts at Sanford C. Bernstein https://t.co/jXNDVfFbat,2018Q2
96,ABT,Abbott Laboratories,20180628,2018,-0.1027,0.069,0.931,0.0,"Abbott Laboratories $ABT to pay $0.28 on Aug 15, 2018; Paylocity Holding $PCTY Covered By 3 Bullish Analysts Last W… https://t.co/y8OSnzfmcF",2018Q2
97,ABT,Abbott Laboratories,20180628,2018,0.4466,0.0,0.853,0.147,EPS for Abbott Laboratories $ABT Expected At $0.71; PETROFAC LTD LONDON ORDINARY SHARES UNI $POFCF Shorts Increased… https://t.co/QdG0Rz3fH0,2018Q2
98,ABT,Abbott Laboratories,20180628,2018,0.0258,0.09,0.815,0.094,"As Chevron New Com $CVX Share Price Rose, Shareholder Hwg Holdings LP Has Cut Its Position by $835,245; Abbott Labo… https://t.co/ZepYLhC7ZP",2018Q2
99,ABT,Abbott Laboratories,20180628,2018,0.802,0.0,0.603,0.397,Centerpoint Energy $CNP Share Value Declined While Sit Investment Associates Has Boosted Its Stake; Old West Invest… https://t.co/7mag3zXxEe,2018Q2
100,ABT,Abbott Laboratories,20180628,2018,0.0,0.0,1.0,0.0,"Bernstein Initiates ""Outperform"" Rating for Abbott Laboratories $ABT With a $73 Price Target - https://t.co/JA25atiuQ3",2018Q2
101,ABT,Abbott Laboratories,20180628,2018,0.3094,0.0,0.842,0.158,Is Abbott Laboratories $ABT Finally Worth Your Time? What Does Bernstein Think? https://t.co/EycwqKVH90,2018Q2
102,ABT,Abbott Laboratories,20180628,2018,0.2263,0.0,0.888,0.112,"It is Time to Outperform Abbott Laboratories $ABT, Bernstein Says. Stock May Be Worth $73 https://t.co/iusbJJYZzj",2018Q2
103,ABT,Abbott Laboratories,20180628,2018,0.0,0.0,1.0,0.0,Is Abbott Laboratories $ABT a Buy or a Sell? What Does Bernstein Think? https://t.co/jbFFGAAbQD,2018Q2
104,ABT,Abbott Laboratories,20180628,2018,0.4588,0.0,0.778,0.222,Abbott Laboratories $ABT Reaching An Inflection Point; Bernstein Initiates Shares At Outperform with $73 target https://t.co/gzHNL1YhYz,2018Q2
105,ABT,Abbott Laboratories,20180627,2018,0.0,0.0,1.0,0.0,Abbott Laboratories's $ABT Sentiment is 0.83 - https://t.co/4pCJDIiMeQ,2018Q2
106,ABT,Abbott Laboratories,20180627,2018,0.0,0.0,1.0,0.0,Institutional Investor's Anti-Abbott Laboratories $ABT Sentiment In  Q1 2018 https://t.co/zF9KMIOmD4,2018Q2
107,ABT,Abbott Laboratories,20180627,2018,0.0,0.0,1.0,0.0,Abbott Laboratories $ABT Institutional Investors Sentiment https://t.co/LGuytWvhyP,2018Q2
108,ABT,Abbott Laboratories,20180627,2018,-0.3182,0.247,0.753,0.0,Institutional Investors Are Dumping Abbott Laboratories $ABT https://t.co/RYN6oFCexF,2018Q2
109,ABT,Abbott Laboratories,20180627,2018,0.5719,0.0,0.773,0.227,"As Kansas City Southern $KSU Share Price Rose, Impala Asset Management Raised Holding; Abbott Laboratories $ABT Sto… https://t.co/q7cRBrckBL",2018Q2
110,ABT,Abbott Laboratories,20180627,2018,0.5106,0.0,0.788,0.212,Fedex $FDX Shareholder Highline Capital Management Has Increased Its Holding by $13.73 Million as Share Price Decli… https://t.co/chMaX38Leu,2018Q2
111,ABT,Abbott Laboratories,20180627,2018,0.5719,0.0,0.773,0.227,"California State Teachers Retirement System Boosted Its Position in Kimco Realty $KIM by $506,996 as Shares Decline… https://t.co/2wZf9j2EJk",2018Q2
112,ABT,Abbott Laboratories,20180627,2018,0.0,0.0,1.0,0.0,Abbott Laboratories $ABT Coverage Initiated by Analysts at Sanford C. Bernstein https://t.co/zxNdP5UNLK,2018Q2
113,ABT,Abbott Laboratories,20180627,2018,0.4939,0.0,0.842,0.158,Greenwich Wealth Management Has Lifted Holding in Oracle $ORCL by $12.92 Million; As Abbott Laboratories $ABT Valua… https://t.co/T6M46YhPak,2018Q2
114,ABT,Abbott Laboratories,20180627,2018,0.296,0.0,0.855,0.145,Zacks: Brokerages Expect Abbott Laboratories $ABT Will Post Earnings of $0.71 Per Share https://t.co/LGbeCP2WuN,2018Q2
115,ABT,Abbott Laboratories,20180627,2018,0.0,0.0,1.0,0.0,Analysts Anticipate Abbott Laboratories $ABT to Post $0.71 EPS https://t.co/JhVMjp4jCa,2018Q2
116,ABT,Abbott Laboratories,20180627,2018,0.296,0.0,0.833,0.167,Abbott Laboratories $ABT Expected to Post Earnings of $0.71 Per Share https://t.co/RZFqq1zeAx,2018Q2
117,ABT,Abbott Laboratories,20180627,2018,-0.128,0.081,0.919,0.0,"Garrison Financial Stake in Abbott Laboratories $ABT Has Lowered by $412,351; New England Research &amp; Management Rai… https://t.co/WXzqQnxlKC",2018Q2
118,ABT,Abbott Laboratories,20180627,2018,0.1027,0.1,0.778,0.122,Running on Empty or is Abbott Laboratories (ABT) Refueling? Shares Move 0.06 https://t.co/bOrAM8XdKU $ABT #stocks #stockmarket,2018Q2
119,ABT,Abbott Laboratories,20180627,2018,0.0,0.0,1.0,0.0,Curbstone Financial Management Lifted Its Abbott Laboratories $Abt $ABT Position; Last Week GoDaddy Inc. $GDDY Anal… https://t.co/tDUkF20dtT,2018Q2
120,ABT,Abbott Laboratories,20180627,2018,0.0,0.0,1.0,0.0,Analysts Anticipate Abbott Laboratories $ABT to Post $0.71 EPS https://t.co/YeEjRxWJlR,2018Q2
121,ABT,Abbott Laboratories,20180627,2018,0.2732,0.0,0.896,0.104,Abbott Laboratories $ABT Holder Fred Alger Management Increased Its Stake; Canadian Pac Ry LTD $CP Holder First Com… https://t.co/aCFLk5YeaI,2018Q2
122,ABT,Abbott Laboratories,20180627,2018,0.3612,0.0,0.865,0.135,Bernstein Starts Abbott Laboratories $ABT Coverage with $73 Target; Fort Point Capital Partners Boosted Its Amazon… https://t.co/a0RUEoH4qs,2018Q2
123,ABT,Abbott Laboratories,20180627,2018,-0.2732,0.11,0.89,0.0,Financial Engines Advisors Has Cut Its Abbott Laboratories Common Stock $ABT Position by $1.46 Million; Stock Price… https://t.co/iE3CAQmFA3,2018Q2
124,ABT,Abbott Laboratories,20180627,2018,0.0258,0.09,0.815,0.094,Moors &amp; Cabot Cut Its Position in Micron Technology $MU as Shares Rose; Abbott Laboratories $ABT Stock Rose While G… https://t.co/DhzBISZ9bd,2018Q2
125,ABT,Abbott Laboratories,20180627,2018,0.0,0.0,1.0,0.0,Gulf International Bank Uk LTD Raised Its Td Ameritrade $AMTD Stake; As Abbott Laboratories $ABT Market Valuation R… https://t.co/XZx9cAnCM7,2018Q2
126,ABT,Abbott Laboratories,20180627,2018,0.2732,0.0,0.877,0.123,"Lodestar Investment Counsel Increased By $335,710 Its Abbott Laboratories $ABT Position; LCNB $LCNB's Sentiment Is… https://t.co/ijs9WOrPBZ",2018Q2
127,ABT,Abbott Laboratories,20180627,2018,0.0,0.0,1.0,0.0,Robinson Capital Management Maintains Position in Putnam Managed Mun Incom Tr $PMM; Abbott Laboratories $ABT Market… https://t.co/NilTWMAGT7,2018Q2
128,ABT,Abbott Laboratories,20180627,2018,0.0,0.0,1.0,0.0,Analysts See $0.71 EPS for Abbott Laboratories $ABT; Luminus Management Trimmed By $6.80 Million Its Cenovus Energy… https://t.co/xuadvsmHOE,2018Q2
129,ABT,Abbott Laboratories,20180627,2018,0.1779,0.076,0.812,0.112,"As Medley Cap $MCC Shares Declined, Cue Financial Group Has Lowered Position; Tradition Capital Management Has Cut… https://t.co/FrUnWEopuV",2018Q2
130,ABT,Abbott Laboratories,20180627,2018,0.3612,0.0,0.884,0.116,Eastern Bank Has Boosted By $12.41 Million Its Abbott Laboratories $ABT Stake; Wingstop Inc. $WING Had 10 Bullish A… https://t.co/qLzbu4hjMa,2018Q2
131,ABT,Abbott Laboratories,20180627,2018,0.25,0.079,0.789,0.132,Adobe Sys $ADBE Shareholder Pictet Asset Management LTD Has Lowered Stake by $1.08 Million; Abbott Laboratories… https://t.co/g0i2aaMNaI,2018Q2
132,ABT,Abbott Laboratories,20180626,2018,0.0772,0.0,0.942,0.058,A bullish Big MAC (Bullish) has occurred at 3:00 PM Jun 26 at  $60.96 on Abbott Laboratories (ABT) $ABT Want to Ear… https://t.co/mE7ZlONzFu,2018Q2
133,ABT,Abbott Laboratories,20180626,2018,0.0,0.0,1.0,0.0,"As Abbott Laboratories $ABT Stock Price Rose, Shareholder Graybill Bartz &amp; Assoc LTD Has Trimmed Stake; Kbc Group N… https://t.co/fCjUszBj22",2018Q2
134,ABT,Abbott Laboratories,20180626,2018,0.0,0.0,1.0,0.0,Knott David M Lifted Its Macquarie Infrastructure $MIC Holding by $1.80 Million; As Abbott Laboratories $ABT Share… https://t.co/HUDBgd9Zil,2018Q2
135,ABT,Abbott Laboratories,20180626,2018,0.0,0.0,1.0,0.0,KKR &amp; Co. L.P. $KKR EPS Estimated At $0.58; Vestor Capital Raised Abbott Laboratories $ABT Position By $1.04 Millio… https://t.co/cEuTC9gj1H,2018Q2
136,ABT,Abbott Laboratories,20180626,2018,0.6486,0.062,0.7,0.239,Family Capital Trust Co Stake in Abbott Laboratories $ABT Lowered as Stock Rose; Wilbanks Smith &amp; Thomas Asset Mana… https://t.co/NZgUjsMaga,2018Q2
137,ABT,Abbott Laboratories,20180626,2018,0.6124,0.083,0.635,0.282,Abbott Labs $ABT Holder Gilman Hill Asset Management Cut Its Stake as Share Value Rose; As Abbott Laboratories $ABT… https://t.co/bzT0Nx3D2l,2018Q2
138,ABT,Abbott Laboratories,20180626,2018,0.0258,0.09,0.815,0.094,Rathbone Brothers Plc Position in Taiwan Semiconductors Man LTD Ads Rep 5 Twd10 Ord Share $TSM Has Cut as Market Va… https://t.co/6e9aek8sGz,2018Q2
139,ABT,Abbott Laboratories,20180626,2018,0.6597,0.089,0.593,0.318,"Family Capital Trust Co Cut Abbott Laboratories $ABT Position By $576,430; Energy Income Partners Has Increased Eqt… https://t.co/H9RPMKgVhU",2018Q2
140,ABT,Abbott Laboratories,20180626,2018,0.7096,0.0,0.731,0.269,EPS for Abbott Laboratories $ABT Expected At $0.71; Blackrock Credit Allocation Income Trust $BTZ Has 1.24 Sentimen… https://t.co/2uPTzj1Xsf,2018Q2
141,ABT,Abbott Laboratories,20180626,2018,0.7003,0.0,0.746,0.254,Private Bank &amp; Trust Co Has Boosted Its Abbott Laboratories $ABT Stake; Digirad $DRAD Shorts Down By 8.96% https://t.co/1h5OOtkohH,2018Q2
142,ABT,Abbott Laboratories,20180626,2018,-0.1027,0.085,0.915,0.0,"Abbott Laboratories $ABT to pay $0.28 on Aug 15, 2018; MDC Partners $MDCA Has 1 Sentiment https://t.co/WKyu9VIr0M",2018Q2
143,ABT,Abbott Laboratories,20180626,2018,0.0,0.0,1.0,0.0,Abbott Laboratories $ABT Expected to Announce Quarterly Sales of $7.76 Billion https://t.co/JZ0mme3Mri,2018Q2
144,ABT,Abbott Laboratories,20180625,2018,0.0,0.0,1.0,0.0,$0.71 EPS Expected for Abbott Laboratories $ABT - https://t.co/kOwSNgrWv6,2018Q2
145,ABT,Abbott Laboratories,20180625,2018,0.0,0.0,1.0,0.0,"Longer Investments Decreased Its Abbott Laboratories $ABT Stake; Profile of 1 Analysts Covering 21Vianet Group, Inc… https://t.co/tJk4rmFYES",2018Q2
146,ABT,Abbott Laboratories,20180625,2018,0.0,0.0,1.0,0.0,Analysts See $0.71 EPS for Abbott Laboratories $ABT https://t.co/HCM3sI87sh,2018Q2
147,ABT,Abbott Laboratories,20180625,2018,0.0,0.0,1.0,0.0,Abbott Laboratories $ABT Analysts See $0.71 EPS https://t.co/b69tADdIjY,2018Q2
148,ABT,Abbott Laboratories,20180625,2018,0.0,0.0,1.0,0.0,Abbott Laboratories $ABT EPS Estimated At $0.71 https://t.co/lCAmdQgMvo,2018Q2
149,ABT,Abbott Laboratories,20180625,2018,-0.128,0.086,0.914,0.0,Hartford Investment Management Co Has Lowered Its Abbott Laboratories $ABT Position; Intercept $ICPT Has 1.15 Senti… https://t.co/BKaTm595NV,2018Q2
150,ABT,Abbott Laboratories,20180625,2018,0.34,0.0,0.876,0.124,John G Ullman &amp; Associates Trimmed Abbott Laboratories $ABT Position by $2.29 Million as Market Value Rose; Monteci… https://t.co/5m3BwsPLQ8,2018Q2
151,ABT,Abbott Laboratories,20180625,2018,0.2023,0.0,0.87,0.13,Abbott Laboratories $ABT Draws Bullish Attention After Forming Multiple Top Chart Pattern - https://t.co/WtBNFXxBgC,2018Q2
152,ABT,Abbott Laboratories,20180625,2018,0.2023,0.0,0.878,0.122,"Abbott Laboratories $ABT's Trend Up, Especially After Forming a Bullish Multiple Top Chart Pattern https://t.co/5OFshjx1Xk",2018Q2
153,ABT,Abbott Laboratories,20180625,2018,0.2023,0.0,0.886,0.114,Is Major Move Coming For Abbott Laboratories $ABT After This Bullish Multiple Top Pattern? https://t.co/BVKBGek0jg,2018Q2
154,ABBV,AbbVie Inc.,20180702,2018,0.296,0.0,0.833,0.167,$1.97 Earnings Per Share Expected for AbbVie Inc $ABBV This Quarter https://t.co/4rB343Prqw,2018Q3
155,ABBV,AbbVie Inc.,20180702,2018,0.0,0.0,1.0,0.0,$1.97 EPS Expected for AbbVie Inc $ABBV This Quarter https://t.co/NK20kzX6Kn,2018Q3
156,ABBV,AbbVie Inc.,20180702,2018,0.296,0.0,0.845,0.155,$1.97 Earnings Per Share Expected for AbbVie Inc $ABBV This Quarter https://t.co/kPzxkK4a9W #stocks,2018Q3
157,ABBV,AbbVie Inc.,20180702,2018,0.0,0.0,1.0,0.0,"AbbVie Inc $ABBV Director Buys $496,260.00 in Stock https://t.co/PBY24qiUKw",2018Q3
158,ABBV,AbbVie Inc.,20180701,2018,0.296,0.0,0.833,0.167,"Glenn F. Tilton Purchases 5,400 Shares of AbbVie Inc $ABBV Stock https://t.co/ZilLS2Jy1v",2018Q3
159,ABBV,AbbVie Inc.,20180701,2018,0.4588,0.0,0.75,0.25,AbbVie Inc $ABBV Short Interest Down 11.6% in June https://t.co/2mrP1qlXCP,2018Q3
160,ABBV,AbbVie Inc.,20180630,2018,0.296,0.0,0.833,0.167,"Glenn F. Tilton Acquires 5,400 Shares of AbbVie Inc $ABBV Stock https://t.co/jfUug8mTXL",2018Q2
161,ABBV,AbbVie Inc.,20180630,2018,0.296,0.0,0.845,0.155,"AbbVie Inc $ABBV Director Glenn F. Tilton Acquires 5,400 Shares of Stock https://t.co/2Ct3JXeFWW",2018Q2
162,ABBV,AbbVie Inc.,20180630,2018,0.4588,0.0,0.75,0.25,AbbVie Inc $ABBV Short Interest Down 11.6% in June https://t.co/mCAkkwXw02,2018Q2
163,ABBV,AbbVie Inc.,20180630,2018,0.4588,0.0,0.75,0.25,AbbVie Inc $ABBV Short Interest Down 11.6% in June https://t.co/F1kSF4py93,2018Q2
164,ABBV,AbbVie Inc.,20180630,2018,0.4588,0.0,0.75,0.25,AbbVie Inc $ABBV Short Interest Down 11.6% in June https://t.co/wPF1OcgX0z,2018Q2
165,ABBV,AbbVie Inc.,20180630,2018,0.0772,0.161,0.657,0.182,CIBC Asset Management Inc Cuts Position in AbbVie Inc $ABBV https://t.co/JCCW8XICS2,2018Q2
166,ABBV,AbbVie Inc.,20180629,2018,0.296,0.0,0.82,0.18,"AbbVie Inc $ABBV Director Glenn F. Tilton Buys 5,400 Shares https://t.co/IBVINYMGGN",2018Q2
167,ABBV,AbbVie Inc.,20180629,2018,0.296,0.0,0.833,0.167,"AbbVie Inc $ABBV Director Glenn F. Tilton Buys 5,400 Shares https://t.co/0FhdfYldJu #stocks",2018Q2
168,ABBV,AbbVie Inc.,20180629,2018,0.0,0.0,1.0,0.0,AbbVie Inc $ABBV to Issue $0.96 Quarterly Dividend  https://t.co/GZPthwdDeS,2018Q2
169,ABBV,AbbVie Inc.,20180629,2018,0.0,0.0,1.0,0.0,$8.24 Billion in Sales Expected for AbbVie Inc. $ABBV This Quarter https://t.co/2mrQ3XxuFF,2018Q2
170,ABBV,AbbVie Inc.,20180629,2018,0.296,0.0,0.82,0.18,AbbVie Inc $ABBV Shares Sold by American International Group Inc.  https://t.co/fcken4FjjN,2018Q2
171,ABBV,AbbVie Inc.,20180629,2018,0.296,0.0,0.885,0.115,"$ABBV #AbbVie Inc 1 director bought: A director at Abbvie Inc bought 5,400 shares at 91.903USD and the significance… https://t.co/2i9tRf2wQM",2018Q2
172,ABBV,AbbVie Inc.,20180629,2018,0.296,0.0,0.804,0.196,"AbbVie Inc director just picked up 5,400 shares  https://t.co/JGBqBJPcRw $ABBV",2018Q2
173,ABBV,AbbVie Inc.,20180629,2018,0.0,0.0,1.0,0.0,$ABBV AbbVie Inc. SEC Filing: Form 4 https://t.co/Lgz0Ovq52u,2018Q2
174,ABBV,AbbVie Inc.,20180629,2018,0.0,0.0,1.0,0.0,AbbVie Inc. $ABBV Is Yet to See Trading Action on Jun 29 https://t.co/M7C6Cx7PYA,2018Q2
175,ABBV,AbbVie Inc.,20180629,2018,0.4215,0.117,0.625,0.258,AbbVie Inc $ABBV Holdings Lowered by Fiduciary Trust Co.  https://t.co/vv9Yz9JDHG,2018Q2
176,ABBV,AbbVie Inc.,20180629,2018,0.296,0.0,0.864,0.136,Folger Nolan Fleming Douglas Capital Management Inc. Sells 650 Shares of AbbVie Inc $ABBV https://t.co/RUmAUrCaA4,2018Q2
177,ABBV,AbbVie Inc.,20180629,2018,0.0,0.0,1.0,0.0,"Employers Holdings, Inc. $EIG Analysts See $0.57 EPS; Dana Investment Advisors Has Trimmed Abbvie $ABBV Position By… https://t.co/0QHVDmvu3L",2018Q2
178,ABBV,AbbVie Inc.,20180629,2018,0.0,0.0,1.0,0.0,AbbVie Inc. $ABBV Analysts See $1.97 EPS - https://t.co/y5H6fC0yXu,2018Q2
179,ABBV,AbbVie Inc.,20180629,2018,0.0,0.0,1.0,0.0,$1.97 EPS Expected for AbbVie Inc. $ABBV https://t.co/hSW0MJ1pzk,2018Q2
180,ABBV,AbbVie Inc.,20180629,2018,0.0,0.0,1.0,0.0,Analysts See $1.97 EPS for AbbVie Inc. $ABBV https://t.co/04cGSAQbbS,2018Q2
181,ABBV,AbbVie Inc.,20180629,2018,0.0,0.0,1.0,0.0,Analysts See $1.97 EPS for AbbVie Inc. $ABBV https://t.co/PrIq3ZwuDi,2018Q2
182,ABBV,AbbVie Inc.,20180629,2018,0.0,0.0,1.0,0.0,Analysts See $1.97 EPS for AbbVie Inc. $ABBV https://t.co/rBOcLgF0ko,2018Q2
183,ABBV,AbbVie Inc.,20180629,2018,0.0,0.0,1.0,0.0,EPS for AbbVie Inc. $ABBV Expected At $1.97 https://t.co/qoYu26qztz,2018Q2
184,ABBV,AbbVie Inc.,20180629,2018,0.4588,0.0,0.75,0.25,AbbVie Inc $ABBV Short Interest Down 11.6% in June https://t.co/Tj8q05I0Tp,2018Q2
185,ABBV,AbbVie Inc.,20180629,2018,-0.128,0.091,0.909,0.0,"Blb&amp;B Advisors Lowered Abbvie $ABBV Position By $326,744; Last Week GNC Holdings, Inc. $GNC Analysts https://t.co/s7e8sR6Hgt",2018Q2
186,ABBV,AbbVie Inc.,20180629,2018,0.4588,0.0,0.75,0.25,AbbVie Inc $ABBV Short Interest Down 11.6% in June https://t.co/5dVXz5r28T,2018Q2
187,ABBV,AbbVie Inc.,20180629,2018,0.4588,0.0,0.75,0.25,AbbVie Inc $ABBV Short Interest Down 11.6% in June https://t.co/MLRuJCFSTY,2018Q2
188,ABBV,AbbVie Inc.,20180628,2018,0.296,0.0,0.872,0.128,Investors Are Turning Their Attention Towards Abbvie Inc (ABBV): Shares Move -2.58 https://t.co/Hu44LUVKyR $ABBV #stocks #stockmarket,2018Q2
189,ABBV,AbbVie Inc.,20180628,2018,0.3612,0.0,0.857,0.143,Santa Barbara Asset Management LLC Holding in Abbvie INC $ABBV Has Decreased by $32.69 Million - https://t.co/B2w1awXIJH,2018Q2
190,ABBV,AbbVie Inc.,20180628,2018,0.4215,0.091,0.696,0.213,Abbvie INC $ABBV Market Value Declined While Santa Barbara Asset Management LLC Cut by $32.69 Million Its Stake https://t.co/7fRVe3D9YO,2018Q2
191,ABBV,AbbVie Inc.,20180628,2018,0.1027,0.093,0.796,0.111,Abbvie INC $ABBV Holder Santa Barbara Asset Management LLC Has Cut Position by $32.69 Million as Market Valuation D… https://t.co/ZzFRlex84F,2018Q2
192,ABBV,AbbVie Inc.,20180628,2018,0.25,0.079,0.789,0.132,Santa Barbara Asset Management LLC Has Lowered Its Holding in Abbvie INC $ABBV by $32.69 Million https://t.co/8aeFNuJ8aT,2018Q2
193,ABBV,AbbVie Inc.,20180628,2018,0.1027,0.107,0.765,0.128,Abbvie INC $ABBV Shareholder Santa Barbara Asset Management LLC Cut Its Holding as Stock Price Declined https://t.co/eYSNmGxzfE,2018Q2
194,ABBV,AbbVie Inc.,20180628,2018,0.3612,0.0,0.857,0.143,Santa Barbara Asset Management LLC Trimmed Its Stake in Abbvie INC $ABBV as Valuation Declined https://t.co/HRAGKvAlPB,2018Q2
195,ABBV,AbbVie Inc.,20180628,2018,0.0,0.0,1.0,0.0,Analysts See $1.97 EPS for AbbVie Inc. $ABBV; Sorl Auto Parts $SORL Shorts Up By 2.67% - https://t.co/dJ91oqX6pH,2018Q2
196,ABBV,AbbVie Inc.,20180628,2018,0.4939,0.0,0.824,0.176,"Wealth Enhancement Advisory Services Lifted Abbvie $ABBV Holding By $384,560; Cleveland-Cliffs Inc. $CLF Had 5 Bull… https://t.co/hNxzb3VE9X",2018Q2
197,ABBV,AbbVie Inc.,20180628,2018,0.0,0.0,1.0,0.0,Rogers Communications Inc. $RCI Analysts See $0.80 EPS; Orbimed Advisors Has Upped Abbvie $ABBV Holding - https://t.co/k14TxdGNIw,2018Q2
198,ABBV,AbbVie Inc.,20180628,2018,-0.2732,0.104,0.896,0.0,Oneok $OKE Stock Price Rose While Viking Fund Management Cut Its Position; Abbvie Inc$Abbv $ABBV Holder Psagot Inve… https://t.co/sF23So6pvX,2018Q2
199,ABBV,AbbVie Inc.,20180627,2018,-0.5719,0.346,0.654,0.0,Do Institutional Investors Hate Abbvie Inc $ABBV? - https://t.co/txdIsP5yic,2018Q2
200,ABBV,AbbVie Inc.,20180627,2018,0.0,0.0,1.0,0.0,Abbvie Inc $ABBV Institutional Investors Sentiment Index  Crashed in  2018 Q1 https://t.co/aSt01w44Wi,2018Q2
201,ABBV,AbbVie Inc.,20180627,2018,0.0,0.0,1.0,0.0,Abbvie Inc $ABBV Stock Price  While Sentiment  Dive https://t.co/AYx7xPjrtF,2018Q2
202,ABBV,AbbVie Inc.,20180627,2018,-0.5719,0.381,0.619,0.0,Abbvie Inc $ABBV: Negative Stock Sentiment https://t.co/wIf3h7S6Lg,2018Q2
203,ABBV,AbbVie Inc.,20180627,2018,0.0,0.0,1.0,0.0,Abbvie Inc $ABBV Institutional Investor Positioning https://t.co/k7yvBHc2Ko,2018Q2
204,ABBV,AbbVie Inc.,20180627,2018,0.0,0.0,1.0,0.0,"Salisbury Bancorp, Inc. $SAL Analysts See $0.74 EPS; Abbvie $ABBV Has 0.7 Sentiment - https://t.co/ralXxCCkY2",2018Q2
205,ABBV,AbbVie Inc.,20180627,2018,0.3612,0.0,0.857,0.143,AbbVie Inc. $ABBV EPS Estimated At $1.97; Aureus Asset Management Upped Applied Materials  $AMAT Stake https://t.co/anZLFcaYFl,2018Q2
206,ABBV,AbbVie Inc.,20180627,2018,0.0,0.0,1.0,0.0,"As Abbvie INC $ABBV Market Valuation Declined, Holder Goelzer Investment Management INC Decreased Holding by $3.24… https://t.co/sDxWRY7bhJ",2018Q2
207,ABBV,AbbVie Inc.,20180627,2018,0.5574,0.0,0.739,0.261,Abbvie INC $ABBV Share Value Declined While Goelzer Investment Management INC Trimmed Its Stake https://t.co/PCJ7UWk67j,2018Q2
208,ABBV,AbbVie Inc.,20180627,2018,-0.2732,0.13,0.87,0.0,Abbvie INC $ABBV Holder Goelzer Investment Management INC Cut Its Holding by $3.24 Million https://t.co/xD9HD69cJ4,2018Q2
209,ABBV,AbbVie Inc.,20180627,2018,0.0,0.0,1.0,0.0,Goelzer Investment Management INC Decreased Abbvie INC $ABBV Stake as Valuation Declined https://t.co/FwgID8tbgW,2018Q2
210,ABBV,AbbVie Inc.,20180627,2018,0.0,0.0,1.0,0.0,"As Abbvie INC $ABBV Stock Price Declined, Holder Goelzer Investment Management INC Has Decreased Its Position https://t.co/FhuYmkyONe",2018Q2
211,ABBV,AbbVie Inc.,20180627,2018,0.0,0.0,1.0,0.0,"Analysts See $0.42 EPS for Interface, Inc. $TILE; Healthcor Management LP Has Decreased Its Abbvie $Call $ABBV Posi… https://t.co/BukL5hwwJY",2018Q2
212,ABBV,AbbVie Inc.,20180627,2018,0.4215,0.063,0.798,0.139,"Analysts See $4.72 EPS for The Goldman Sachs Group, Inc. $GS; Sentinel Trust Company Lba Lowered By $452,140 Its Ab… https://t.co/kCl5X0h7Jg",2018Q2
213,ABBV,AbbVie Inc.,20180627,2018,0.0,0.0,1.0,0.0,Should You Buy NVIDIA Corporation (NVDA) or AbbVie Inc. (ABBV)? https://t.co/UKb3hzQgVe $ABBV #stocks #stockmarket,2018Q2
214,ABBV,AbbVie Inc.,20180626,2018,-0.128,0.103,0.897,0.0,Abbvie INC $ABBV Shareholder Choate Investment Advisors Lowered Its Holding by $418.44 Million - https://t.co/hcbEsCNIJl,2018Q2
215,ABBV,AbbVie Inc.,20180626,2018,0.296,0.0,0.872,0.128,"As Abbvie INC $ABBV Shares Declined, Choate Investment Advisors Decreased Its Holding by $418.44 Million https://t.co/ESIjiyq47Q",2018Q2
216,ABBV,AbbVie Inc.,20180626,2018,0.0,0.0,1.0,0.0,Choate Investment Advisors Has Trimmed Its Abbvie INC $ABBV Holding by $418.44 Million https://t.co/KXvAaUBWk3,2018Q2
217,ABBV,AbbVie Inc.,20180626,2018,0.3612,0.126,0.599,0.275,"As Abbvie INC $ABBV Share Value Declined, Choate Investment Advisors Cut Stake https://t.co/c0oPKNiihK",2018Q2
218,ABBV,AbbVie Inc.,20180626,2018,0.3612,0.0,0.865,0.135,Livingston Group Asset Management Southport Capital Management Has Upped Abbvie Com $ABBV Holding By $1.56 Million;… https://t.co/rdOExVPVME,2018Q2
219,ABBV,AbbVie Inc.,20180626,2018,0.2732,0.0,0.877,0.123,Woodstock Increased By $1.69 Million Its Fiserv $FISV Position; Last Week AbbVie Inc. $ABBV Analysts https://t.co/3C22piGpDm,2018Q2
220,ABBV,AbbVie Inc.,20180625,2018,0.0,0.0,1.0,0.0,"The majority of users on Vetr are bullish on AbbVie Inc., indicating a BUY Rating (3.5 stars) for $ABBV https://t.co/sY2SvqsdeO",2018Q2
221,ABBV,AbbVie Inc.,20180625,2018,-0.128,0.12,0.88,0.0,Stephens INC Lowered Its Abbvie INC $ABBV Stake as Valuation Declined - https://t.co/tniCammeO5,2018Q2
222,ABBV,AbbVie Inc.,20180625,2018,-0.2732,0.16,0.84,0.0,Stephens INC Cut Its Abbvie INC $ABBV Stake by $7.08 Million https://t.co/aDEO04ni4O,2018Q2
223,ABBV,AbbVie Inc.,20180625,2018,0.0,0.0,1.0,0.0,"As Abbvie INC $ABBV Valuation Declined, Shareholder Stephens INC Has Trimmed Its Stake https://t.co/Y3wDxqxx0G",2018Q2
224,ABBV,AbbVie Inc.,20180625,2018,0.0,0.0,1.0,0.0,Stephens INC Trimmed Stake in Abbvie INC $ABBV by $7.08 Million https://t.co/fc1on6KBfW,2018Q2
225,ABBV,AbbVie Inc.,20180625,2018,0.0,0.0,1.0,0.0,AbbVie Inc. $ABBV Stock Live Analysis 10-27-2017 #tradeideas https://t.co/WvshOHndJP,2018Q2
226,ABBV,AbbVie Inc.,20180625,2018,-0.1406,0.072,0.928,0.0,"$ABBV #AbbVie Inc ... Peer Comparison: AbbVie and Celgene: Both have MA risk due to patent exposures, but scale, di… https://t.co/r8u1pCe1f2",2018Q2
227,ABBV,AbbVie Inc.,20180625,2018,0.0,0.0,1.0,0.0,"AbbVie Inc $ABBV Director Purchases $99,912.19 in Stock https://t.co/2HxljSBQIz",2018Q2
228,ABBV,AbbVie Inc.,20180625,2018,0.0,0.0,1.0,0.0,"AbbVie Inc $ABBV Director Purchases $99,912.19 in Stock https://t.co/k3W6AtISg5",2018Q2
229,ABBV,AbbVie Inc.,20180625,2018,0.3612,0.0,0.848,0.152,"$-0.29 EPS Expected for ADTRAN, Inc. $ADTN; Bruce &amp; Co Boosted Abbvie $ABBV Stake - https://t.co/7n5YrAIEbB",2018Q2
230,ABBV,AbbVie Inc.,20180624,2018,0.3612,0.112,0.642,0.246,Abbvie INC $ABBV Share Value Declined While Meag Munich Ergo Kapitalanlagegesellschaft Mbh Cut Position - https://t.co/H1me0jCx9f,2018Q2
231,ABBV,AbbVie Inc.,20180624,2018,-0.128,0.086,0.914,0.0,Abbvie INC $ABBV Shareholder Meag Munich Ergo Kapitalanlagegesellschaft Mbh Has Lowered Its Stake as Valuation Decl… https://t.co/G3R0yFPpIL,2018Q2
232,ABBV,AbbVie Inc.,20180624,2018,-0.2732,0.13,0.87,0.0,Meag Munich Ergo Kapitalanlagegesellschaft Mbh Holding in Abbvie INC $ABBV Cut by $3.18 Million https://t.co/oWNuVeMzhz,2018Q2
233,ABBV,AbbVie Inc.,20180624,2018,0.296,0.0,0.855,0.145,Abbvie INC $ABBV Shares Declined While Meag Munich Ergo Kapitalanlagegesellschaft Mbh Trimmed Holding https://t.co/mlw0WCtHUz,2018Q2
234,ABBV,AbbVie Inc.,20180624,2018,0.0,0.0,1.0,0.0,"As Abbvie INC $ABBV Valuation Declined, Meag Munich Ergo Kapitalanlagegesellschaft Mbh Trimmed Its Position by $3.1… https://t.co/HGx6lWLYTq",2018Q2
235,ABBV,AbbVie Inc.,20180624,2018,0.0,0.0,1.0,0.0,Meag Munich Ergo Kapitalanlagegesellschaft Mbh Trimmed Abbvie INC $ABBV Stake by $3.18 Million https://t.co/CzHrZv6Dj1,2018Q2
236,ABBV,AbbVie Inc.,20180624,2018,0.0,0.0,1.0,0.0,AbbVie Inc. $ABBV EPS Estimated At $1.97; LKQ $LKQ Sentiment Is 1.17 - https://t.co/m3SRG5gRUw,2018Q2
237,ABBV,AbbVie Inc.,20180624,2018,0.296,0.0,0.833,0.167,"Edward J. Rapp Acquires 1,013 Shares of AbbVie Inc $ABBV Stock https://t.co/feavbf4REr",2018Q2
238,ABBV,AbbVie Inc.,20180624,2018,0.836,0.0,0.602,0.398,Santa Barbara Asset Management Has Trimmed Abbvie $ABBV Stake as Share Value Declined; Msa Safety $MSA Position Mai… https://t.co/1Hcn7SbuEK,2018Q2
239,ABBV,AbbVie Inc.,20180623,2018,0.0,0.0,1.0,0.0,Marco Investment Management LLC Stake in Abbvie INC $ABBV Trimmed by $4.08 Million - https://t.co/UD2XTiB7Nj,2018Q2
240,ABBV,AbbVie Inc.,20180623,2018,0.0,0.0,1.0,0.0,"As Abbvie INC $ABBV Market Valuation Declined, Marco Investment Management LLC Has Decreased Position https://t.co/Quf0z83Mqe",2018Q2
241,ABBV,AbbVie Inc.,20180623,2018,0.0772,0.108,0.769,0.123,Abbvie INC $ABBV Market Value Declined While Marco Investment Management LLC Cut Position by $4.08 Million - https://t.co/JvN5pNpoab,2018Q2
242,ABBV,AbbVie Inc.,20180623,2018,0.0,0.0,1.0,0.0,Abbvie INC $ABBV Holder Marco Investment Management LLC Has Trimmed Holding https://t.co/cQEcUNWIu4,2018Q2
243,ABBV,AbbVie Inc.,20180623,2018,0.0258,0.103,0.788,0.108,"As Abbvie INC $ABBV Shares Declined, Marco Investment Management LLC Has Cut by $4.08 Million Its Stake https://t.co/gSzWHNqSHm",2018Q2
244,ABBV,AbbVie Inc.,20180623,2018,0.34,0.0,0.876,0.124,"As Abbvie INC $ABBV Market Value Declined, Shareholder Marco Investment Management LLC Has Decreased Its Position b… https://t.co/sATuVpxYyA",2018Q2
245,ABBV,AbbVie Inc.,20180623,2018,0.296,0.0,0.82,0.18,"AbbVie Inc $ABBV Director Edward J. Rapp Purchases 1,013 Shares https://t.co/c5z7SE8Ted",2018Q2
246,ABBV,AbbVie Inc.,20180623,2018,0.0,0.0,1.0,0.0,"AbbVie Inc $ABBV Director Purchases $99,912.19 in Stock https://t.co/0pqsLbh78z",2018Q2
247,ABBV,AbbVie Inc.,20180623,2018,-0.128,0.077,0.923,0.0,"Boston Research &amp; Management Has Lowered Abbvie  $ABBV Stake By $364,250; Avon Products, Inc. $AVP Had 2 Analysts L… https://t.co/f3dSMYdMnl",2018Q2
248,ABBV,AbbVie Inc.,20180623,2018,0.296,0.0,0.82,0.18,"AbbVie Inc $ABBV Director Edward J. Rapp Purchases 1,013 Shares https://t.co/U46SKiU7VC",2018Q2
249,ABBV,AbbVie Inc.,20180623,2018,-0.128,0.091,0.909,0.0,EPS for Evercore Inc. $EVR Expected At $1.49; South Street Advisors Lowered Abbvie $ABBV Position https://t.co/mWIvKXHqI3,2018Q2
250,ABBV,AbbVie Inc.,20180623,2018,0.3612,0.0,0.857,0.143,"Koshinski Asset Management Trimmed Its Abbvie $ABBV Stake; Sucampo Pharmaceuticals, Inc. $SCMP Had 4 Analysts Last… https://t.co/yIgj6f36R6",2018Q2
251,ABBV,AbbVie Inc.,20180623,2018,0.5719,0.0,0.773,0.227,"Why Park West Asset Management Llc Acquired 845,262 Shares of Kindred Biosciences, Inc. $KIN?; Nbt Bank N A Decreas… https://t.co/teBgFbuFyh",2018Q2
252,ABMD,ABIOMED Inc,20180702,2018,0.0,0.0,1.0,0.0,Scout Investments INC Decreased Position in Abiomed INC $ABMD by $26.70 Million - https://t.co/dc5mDfINS7,2018Q3
253,ABMD,ABIOMED Inc,20180630,2018,0.0,0.0,1.0,0.0,"Hilltop Holdings Inc. Acquires New Position in ABIOMED, Inc. $ABMD  https://t.co/s9Wzr3e6bA",2018Q2
254,ABMD,ABIOMED Inc,20180630,2018,0.0,0.0,1.0,0.0,"Winslow Capital Management LLC Takes Position in ABIOMED, Inc. $ABMD https://t.co/Ha6ESN2pwi",2018Q2
255,ABMD,ABIOMED Inc,20180630,2018,0.296,0.0,0.82,0.18,"ABIOMED, Inc. $ABMD Shares Sold by RMB Capital Management LLC  https://t.co/SbpCLPp47C",2018Q2
256,ABMD,ABIOMED Inc,20180629,2018,0.0,0.0,1.0,0.0,"Analysts See $0.12 EPS for W&amp;T Offshore, Inc. $WTI; Navellier &amp; Associates Has Upped Abiomed  $ABMD Position By $37… https://t.co/akKUBwNvdh",2018Q2
257,ABMD,ABIOMED Inc,20180629,2018,0.0,0.0,1.0,0.0,"Analysts See $0.80 EPS for ABIOMED, Inc. $ABMD; Johnson Outdoors $JOUT's Sentiment Is 0.98 - https://t.co/wrA7ELsxoL",2018Q2
258,ABMD,ABIOMED Inc,20180629,2018,0.6908,0.0,0.725,0.275,Country Trust Bank Raised Abiomed INC Common $ABMD Position by $3.06 Million as Stock Value Rose - https://t.co/UmDFeYkNii,2018Q2
259,ABMD,ABIOMED Inc,20180629,2018,0.5106,0.0,0.752,0.248,Abiomed INC Common $ABMD Position Lifted by Country Trust Bank https://t.co/RNefjyh2ol,2018Q2
260,ABMD,ABIOMED Inc,20180629,2018,0.5106,0.0,0.837,0.163,"As Abiomed INC Common $ABMD Valuation Rose, Country Trust Bank Has Lifted by $3.06 Million Its Stake https://t.co/XQmJxNeNhk",2018Q2
261,ABMD,ABIOMED Inc,20180629,2018,0.7783,0.0,0.672,0.328,Abiomed INC Common $ABMD Holder Country Trust Bank Increased Its Position by $3.06 Million as Market Value Rose https://t.co/vlZpG1RwUq,2018Q2
262,ABMD,ABIOMED Inc,20180629,2018,0.6597,0.0,0.649,0.351,Abiomed INC Common $ABMD Holding Has Increased by Country Trust Bank https://t.co/h99AINosDd,2018Q2
263,ABMD,ABIOMED Inc,20180629,2018,0.5106,0.0,0.809,0.191,Country Trust Bank Has Upped Its Abiomed INC Common $ABMD Stake by $3.06 Million https://t.co/4SYDeqOycz,2018Q2
264,ABMD,ABIOMED Inc,20180628,2018,0.0,0.0,1.0,0.0,"ABIOMED, Inc. $ABMD EPS Estimated At $0.80; Haemonetics $HAE's Sentiment Is 1.18 https://t.co/lDp49M1K3k",2018Q2
265,ABMD,ABIOMED Inc,20180628,2018,0.0,0.0,1.0,0.0,"ABIOMED, Inc. $ABMD Chairman Sells $46,167,450.00 in Stock https://t.co/dMHGQB2NCI",2018Q2
266,ABMD,ABIOMED Inc,20180628,2018,0.296,0.0,0.833,0.167,"ABIOMED, Inc. $ABMD Expected to Announce Earnings of $0.80 Per Share https://t.co/Z4tAq5od4V",2018Q2
267,ABMD,ABIOMED Inc,20180628,2018,0.0,0.0,1.0,0.0,"$0.80 EPS Expected for ABIOMED, Inc. $ABMD This Quarter https://t.co/Oz9zhXDxMM",2018Q2
268,ABMD,ABIOMED Inc,20180628,2018,0.0,0.0,1.0,0.0,"ABIOMED, Inc. $ABMD EPS Estimated At $0.80 - https://t.co/UXuv0dE8EJ",2018Q2
269,ABMD,ABIOMED Inc,20180628,2018,0.0,0.0,1.0,0.0,"EPS for ABIOMED, Inc. $ABMD Expected At $0.80 https://t.co/gvLBdRGHri",2018Q2
270,ABMD,ABIOMED Inc,20180628,2018,0.0,0.0,1.0,0.0,"Analysts See $0.80 EPS for ABIOMED, Inc. $ABMD https://t.co/wHAIcv9lDv",2018Q2
271,ABMD,ABIOMED Inc,20180628,2018,0.0,0.0,1.0,0.0,"$0.80 EPS Expected for ABIOMED, Inc. $ABMD https://t.co/yYaMAgVSZ2",2018Q2
272,ABMD,ABIOMED Inc,20180628,2018,0.0,0.0,1.0,0.0,"EPS for ABIOMED, Inc. $ABMD Expected At $0.80 https://t.co/DugCwCf97v",2018Q2
273,ABMD,ABIOMED Inc,20180627,2018,-0.2263,0.103,0.837,0.059,Fuling Global Inc. $FORK Reaches $2.75 After 9.00% Up Move; Coe Capital Management Has Cut Abiomed $ABMD Position https://t.co/VP2F9bEARh,2018Q2
274,ABMD,ABIOMED Inc,20180627,2018,0.0,0.0,1.0,0.0,"#HedgeFund and #InsiderTrading #News: Bill Ackman, Jana Partners, BlueCrest Capital Management, $IQV, $TWLVU, $ABMD… https://t.co/n8SLwvIdz9",2018Q2
275,ABMD,ABIOMED Inc,20180627,2018,0.0,0.0,1.0,0.0,"BGC Partners, Inc. $BGCP EPS Estimated At $0.27; ABIOMED, Inc. $ABMD Covered By 12 Bullish Analysts Last Week https://t.co/jX0Z1zD7mn",2018Q2
276,ABMD,ABIOMED Inc,20180627,2018,0.296,0.0,0.833,0.167,"Insider Selling: ABIOMED, Inc. $ABMD Chairman Sells 105,000 Shares of Stock https://t.co/ri9WDflMIl",2018Q2
277,ABMD,ABIOMED Inc,20180627,2018,0.296,0.0,0.833,0.167,"Michael R. Minogue Sells 105,000 Shares of ABIOMED, Inc. $ABMD Stock https://t.co/I2pFopmj1x",2018Q2
278,ABMD,ABIOMED Inc,20180626,2018,0.0,0.0,1.0,0.0,"ABIOMED, Inc.: Heavy volume for ABIOMED, Inc. stock. $ABMD https://t.co/zR29atuFjT https://t.co/1DkndULNTF",2018Q2
279,ABMD,ABIOMED Inc,20180626,2018,0.296,0.0,0.833,0.167,"Insider Selling: ABIOMED, Inc. $ABMD Chairman Sells 105,000 Shares of Stock https://t.co/nUjbPaXfcA",2018Q2
280,ABMD,ABIOMED Inc,20180626,2018,0.296,0.0,0.845,0.155,"ABIOMED, Inc. $ABMD Chairman Michael R. Minogue Sells 105,000 Shares of Stock https://t.co/nOOo9pWBvV",2018Q2
281,ABMD,ABIOMED Inc,20180626,2018,0.296,0.0,0.82,0.18,"ABIOMED, Inc. $ABMD Chairman Michael R. Minogue Sells 105,000 Shares https://t.co/1P9or0tUFl",2018Q2
282,ABMD,ABIOMED Inc,20180625,2018,0.296,0.0,0.845,0.155,"Analysts Anticipate ABIOMED, Inc. $ABMD Will Announce Earnings of $0.80 Per Share https://t.co/Nd9v99CVIo",2018Q2
283,ABMD,ABIOMED Inc,20180625,2018,0.296,0.0,0.845,0.155,"Analysts Expect ABIOMED, Inc. $ABMD Will Post Earnings of $0.80 Per Share https://t.co/EFroWnGoXu",2018Q2
284,ABMD,ABIOMED Inc,20180625,2018,0.0,0.0,1.0,0.0,"$ABMD New Form 4 for ABIOMED, Inc.
From our Stock News Alerts App",2018Q2
285,ABMD,ABIOMED Inc,20180625,2018,0.0,0.0,1.0,0.0,"$ABMD ABIOMED, Inc. SEC Filing: Form 4 https://t.co/Hogr5Gc51I",2018Q2
286,ABMD,ABIOMED Inc,20180625,2018,0.0,0.0,1.0,0.0,"Analysts See $0.80 EPS for ABIOMED, Inc. $ABMD; Last Week Lancaster Colony $LANC Analysts https://t.co/a6D9AqbNpc",2018Q2
287,ABMD,ABIOMED Inc,20180623,2018,0.296,0.0,0.855,0.145,"Zacks: Analysts Anticipate ABIOMED, Inc. $ABMD Will Announce Earnings of $0.80 Per Share https://t.co/pT7LA2BvXa",2018Q2
288,ABMD,ABIOMED Inc,20180623,2018,0.0,0.0,1.0,0.0,"$0.80 EPS Expected for ABIOMED, Inc. $ABMD; Nuveen Senior Income Fund $NSL's Sentiment Is 1.12 - https://t.co/7TZINmAlOr",2018Q2
289,ABMD,ABIOMED Inc,20180623,2018,0.3612,0.0,0.878,0.122,"Lingohr &amp; Partner Asset Management Gmbh Has Trimmed By $409,600 Its Centurylin $CTL Position; ABIOMED, Inc. $ABMD H… https://t.co/AvuN1fnQdL",2018Q2
290,ACN,Accenture plc,20180702,2018,0.0,0.0,1.0,0.0,Brokers Set Expectations for Accenture Plc’s FY2018 Earnings $ACN https://t.co/wvD3i7IIer,2018Q3
291,ACN,Accenture plc,20180702,2018,0.0,0.0,1.0,0.0,KeyCorp Brokers Reduce Earnings Estimates for Accenture Plc $ACN https://t.co/3MCOABbR8V,2018Q3
292,ACN,Accenture plc,20180702,2018,0.296,0.0,0.845,0.155,Accenture Plc Forecasted to Post FY2018 Earnings of $6.70 Per Share $ACN https://t.co/1WiLqKfyG4,2018Q3
293,ACN,Accenture plc,20180702,2018,0.0,0.0,1.0,0.0,KeyCorp Brokers Reduce Earnings Estimates for Accenture Plc $ACN https://t.co/CohwZ54Ao2,2018Q3
294,ACN,Accenture plc,20180702,2018,-0.128,0.097,0.903,0.0,KeyCorp Lowers Accenture Q4 2018 Earnings Estimates to $1.54 EPS (Previously $1.59). https://t.co/Hg0Hpn7PJc $ACN #ACN,2018Q3
295,ACN,Accenture plc,20180702,2018,0.0,0.0,1.0,0.0,Brokers Set Expectations for Accenture Plc’s FY2018 Earnings $ACN https://t.co/KhJx3xug89,2018Q3
296,ACN,Accenture plc,20180702,2018,0.296,0.0,0.845,0.155,Accenture Plc Forecasted to Post FY2018 Earnings of $6.70 Per Share $ACN https://t.co/H5MOyHsqCW,2018Q3
297,ACN,Accenture plc,20180702,2018,0.296,0.0,0.845,0.155,Accenture Plc Forecasted to Post FY2018 Earnings of $6.70 Per Share $ACN https://t.co/j80lRcD7cy,2018Q3
298,ACN,Accenture plc,20180702,2018,0.0,0.0,1.0,0.0,Brokers Set Expectations for Accenture Plc’s FY2018 Earnings $ACN https://t.co/lgti7bN1uU,2018Q3
299,ACN,Accenture plc,20180702,2018,0.3612,0.0,0.815,0.185,FY2018 EPS Estimates for Accenture Plc $ACN Boosted by SunTrust Banks https://t.co/1Lvbn5v4o0,2018Q3
300,ACN,Accenture plc,20180702,2018,0.0,0.0,1.0,0.0,SunTrust Banks Raises Accenture FY2018 Earnings Estimates to $6.70 EPS (Previously $6.68). https://t.co/t5smvlvP20 $ACN #ACN,2018Q3
301,ACN,Accenture plc,20180702,2018,0.0,0.0,1.0,0.0,Cantor Fitzgerald Raises Accenture FY2018 Earnings Estimates to $6.70 EPS (Previously $6.67). https://t.co/7EV0KkMdFQ $ACN #ACN,2018Q3
302,ACN,Accenture plc,20180701,2018,0.1027,0.089,0.805,0.106,Hite Hedge Asset Management Cut Holding in Western Gas Equity Partners $WGP by $2.62 Million; As Accenture Plc Cl A… https://t.co/JNQ1x2vkYy,2018Q3
303,ACN,Accenture plc,20180701,2018,0.3612,0.0,0.865,0.135,"Main Street Research Has Boosted Its https://t.co/HhK1vgDvIh $CRM Stake by $401,940; As Accenture Plc Ireland $ACN… https://t.co/iYE5CDUB4z",2018Q3
304,ACN,Accenture plc,20180701,2018,0.0,0.0,1.0,0.0,Sands Capital Management Position in Asml Holding N V $ASML Has Decreased by $44.15 Million as Market Valuation Ros… https://t.co/gnAIOi8M4p,2018Q3
305,ACN,Accenture plc,20180701,2018,0.0,0.0,1.0,0.0,Texas Permanent School Fund Decreased By $1.43 Million Its Accenture Plc Ireland $ACN Stake; Conatus Pharmaceutical… https://t.co/MT8Dufoc79,2018Q3
306,ACN,Accenture plc,20180701,2018,0.4215,0.095,0.682,0.223,Accenture Plc Ireland $ACN Shareholder Autus Asset Management Cut Its Position as Stock Value Declined; Ipg Photoni… https://t.co/k13im1iZDS,2018Q3
307,ACN,Accenture plc,20180701,2018,0.296,0.086,0.779,0.135,Palo Capital Cut Holding in D R Horton $DHI as Stock Declined; Trust Co Of Oklahoma Has Decreased Its Holding in Ac… https://t.co/xjMPUO8HFI,2018Q3
308,ACN,Accenture plc,20180701,2018,0.3612,0.0,0.865,0.135,Evanson Asset Management Lifted By $3.43 Million Its Accenture Plc Ireland $ACN Holding; Mainstay Definedterm Munic… https://t.co/XThQpad97w,2018Q3
309,ACN,Accenture plc,20180701,2018,0.0,0.0,1.0,0.0,"Netflix, Inc. $NFLX EPS Estimated At $0.80; Moors &amp; Cabot Has Decreased By $2.33 Million Its Accenture Plc Ireland… https://t.co/VHzOifFOJg",2018Q3
310,ACN,Accenture plc,20180701,2018,0.5574,0.0,0.753,0.247,Cornerstone Investment Partners Has Increased Accenture Plc $ACN Holding By $41.28 Million; Knightsbridge Asset Man… https://t.co/UijOe7w1nx,2018Q3
311,ACN,Accenture plc,20180629,2018,0.296,0.0,0.833,0.167,"GSA Capital Partners LLP Acquires 1,090 Shares of Accenture Plc $ACN  https://t.co/9zcnnZABE2",2018Q2
312,ACN,Accenture plc,20180629,2018,0.0,0.0,1.0,0.0,PagnatoKarp Partners LLC Acquires New Position in Accenture Plc $ACN  https://t.co/wbS3bz9qWk,2018Q2
313,ACN,Accenture plc,20180629,2018,0.296,0.0,0.82,0.18,"Private Vista LLC Purchases Shares of 1,624 Accenture Plc $ACN https://t.co/geBZ1tirBM",2018Q2
314,ACN,Accenture plc,20180629,2018,0.0,0.0,1.0,0.0,Suntrust Banks Inc. Has $21.58 Million Stake in Accenture Plc $ACN https://t.co/9wWacHM75h,2018Q2
315,ACN,Accenture plc,20180629,2018,0.7506,0.0,0.709,0.291,"As Accenture Plc $ACN Stock Declined, Provident Trust Co Has Increased Stake by $1.76 Million; As Wells Fargo &amp; Co… https://t.co/ctVoadN7Qt",2018Q2
316,ACN,Accenture plc,20180629,2018,0.5574,0.0,0.777,0.223,Accenture Plc Ireland Shares C $ACN Stock Value Declined While Park National Has Trimmed Position; Prologis  $PLD S… https://t.co/tvdyR1Ca6N,2018Q2
317,ACN,Accenture plc,20180629,2018,-0.2732,0.11,0.89,0.0,Mitchell Capital Management Co Has Cut Its Thermo Fisher Scientific $TMO Position; Accenture Plc Class A Ordinary S… https://t.co/f22V6YQZ9w,2018Q2
318,ACN,Accenture plc,20180629,2018,0.5574,0.0,0.765,0.235,Qci Asset Management Increased Schlumberger LTD $SLB Holding By $3.30 Million; Williams Jones &amp; Associates Boosted… https://t.co/PEYdYsnqEV,2018Q2
319,ACN,Accenture plc,20180629,2018,0.0516,0.0,0.941,0.059,"The Michaels Companies, Inc. $MIK Reaches $19.37 After 4.00% Up Move; Martin Currie LTD Trimmed By $807,687 Its Acc… https://t.co/8Xx1cpdcr0",2018Q2
320,ACN,Accenture plc,20180629,2018,-0.2732,0.116,0.884,0.0,Stack Financial Management Cut Accenture Plc Ireland $ACN Holding By $20.28 Million; 3 Bullish Analysts Covering Ca… https://t.co/FnCyAsaLZO,2018Q2
321,ACN,Accenture plc,20180629,2018,-0.2732,0.116,0.884,0.0,Bedrijfstakpensioenfonds Voor De Media Pno Cut Accenture Plc $ACN Stake By $1.99 Million; Magnachip Semiconductor H… https://t.co/YWlBFm1MGA,2018Q2
322,ACN,Accenture plc,20180629,2018,0.5719,0.0,0.68,0.32,Accenture Plc $ACN Shares Bought by Silvercrest Asset Management Group LLC https://t.co/gBeqhJoayN,2018Q2
323,ACN,Accenture plc,20180629,2018,0.4939,0.0,0.758,0.242,Altium Wealth Management LLC Raises Holdings in Accenture Plc $ACN  https://t.co/YDScHkkaNa,2018Q2
324,ACN,Accenture plc,20180629,2018,0.0,0.0,1.0,0.0,KeyCorp Weighs in on Accenture Plc’s FY2018 Earnings $ACN https://t.co/b6srLzmwPO,2018Q2
325,ACN,Accenture plc,20180629,2018,0.296,0.09,0.769,0.141,Washington Trust Company Has Cut Its Position in Boeing Co $BA by $3.70 Million as Valuation Declined; Accenture Pl… https://t.co/zhU4bPg1f5,2018Q2
326,ACN,Accenture plc,20180629,2018,0.3612,0.0,0.878,0.122,Wendell David Associates Has Trimmed Its Accenture LTD   'A' $ACN Holding; First Light Asset Management Has Upped B… https://t.co/4ww3Y6DAhz,2018Q2
327,ACN,Accenture plc,20180629,2018,0.0,0.0,1.0,0.0,Greylin Investment Mangement Lifted Its Qualcomm $QCOM Holding; Accenture Plc Ireland $ACN Holding Maintained by Tr… https://t.co/SoOOk7JfCQ,2018Q2
328,ACN,Accenture plc,20180629,2018,0.6597,0.0,0.632,0.368,Accenture Plc. Shares Gained $9 On Solid Q3 Earnings &amp; Rosy Guidance $ACN https://t.co/kUgu2LLsP5,2018Q2
329,ACN,Accenture plc,20180629,2018,0.5106,0.0,0.845,0.155,Analysts See $1.39 EPS for Lindsay $LNN; Massmutual Trust Company Fsb Raised By $20.42 Million Its Accenture Plc… https://t.co/s89VA1rmYG,2018Q2
330,ACN,Accenture plc,20180629,2018,0.0,0.0,1.0,0.0,Accenture Plc updates FY18 guidance to $6.66-6.71 EPS.  https://t.co/JTCkuDrAih $ACN #ACN,2018Q2
331,ACN,Accenture plc,20180629,2018,-0.2732,0.189,0.811,0.0,Accenture Plc $ACN Position Cut by Brown Advisory Inc. https://t.co/VujeZYfAxF,2018Q2
332,ACN,Accenture plc,20180629,2018,0.0,0.0,1.0,0.0,KeyCorp Weighs in on Accenture Plc’s FY2018 Earnings $ACN https://t.co/BMNL4QwgJR,2018Q2
333,ACN,Accenture plc,20180629,2018,0.0,0.0,1.0,0.0,Amplify Investments LLC Takes Position in Accenture Plc $ACN  https://t.co/xYy2FjtxlU,2018Q2
334,ACN,Accenture plc,20180628,2018,0.0,0.0,1.0,0.0,$ACN 3.6m ago: SEC Quarterly Report -&gt; 10-Q - Accenture plc https://t.co/kDcPCVNVKO,2018Q2
335,ACN,Accenture plc,20180628,2018,0.0,0.0,1.0,0.0,"Clifford Swan Investment Counsel Decreased By $750,771 Its Accenture Plc $ACN Holding; Surmodics $SRDX Has 1.02 Sen… https://t.co/S6LPvY8In5",2018Q2
336,ACN,Accenture plc,20180628,2018,0.296,0.0,0.885,0.115,Accenture Plc Cl A $ACN Holder Us Bancorp De Lifted Its Holding by $3.91 Million as Shares Declined - https://t.co/J1aJdlEjHf,2018Q2
337,ACN,Accenture plc,20180628,2018,0.0,0.0,1.0,0.0,Us Bancorp De Raised Position in Accenture Plc Cl A $ACN by $3.91 Million as Stock Price Declined https://t.co/cWG3bFcHJa,2018Q2
338,ACN,Accenture plc,20180628,2018,0.3612,0.0,0.839,0.161,Accenture Plc Cl A $ACN Shareholder Us Bancorp De Boosted Holding by $3.91 Million https://t.co/IzUzGlMZyF,2018Q2
339,ACN,Accenture plc,20180628,2018,0.0,0.0,1.0,0.0,Us Bancorp De Continues to Hold Position in Accenture Plc Cl A $ACN https://t.co/CinXHhoKCJ,2018Q2
340,ACN,Accenture plc,20180628,2018,0.0,0.0,1.0,0.0,Us Bancorp De Increases Holding in Accenture Plc Cl A $ACN https://t.co/STmrAKpXs0,2018Q2
341,ACN,Accenture plc,20180628,2018,0.3612,0.0,0.848,0.152,Accenture Plc Cl A $ACN Holder Us Bancorp De Has Boosted Holding by $3.91 Million https://t.co/DBFPU0ksjR,2018Q2
342,ACN,Accenture plc,20180628,2018,-0.2732,0.104,0.896,0.0,EPS for Jones Lang LaSalle $JLL Expected At $2.29; Hm Payson &amp; Company Cut Accenture Plc $ACN Holding https://t.co/o92TMhd0QE,2018Q2
343,ACN,Accenture plc,20180628,2018,0.3612,0.0,0.878,0.122,"Martin Currie LTD Has Decreased Position in Accenture Plc Ireland $ACN by $807,687; Dock Street Asset Management Ha… https://t.co/2niuW1q95M",2018Q2
344,ACN,Accenture plc,20180628,2018,0.0,0.0,1.0,0.0,"TrueBlue, Inc. $TBI Analysts See $0.49 EPS; Accenture plc $ACN Had 7 Bullish Analysts - https://t.co/mpT97DXTIs",2018Q2
345,ACN,Accenture plc,20180628,2018,0.0,0.0,1.0,0.0,Accenture plc $ACN PT Raised to $180 at Cowen After 'Crushing' Qtr https://t.co/WV8YKlUNMT,2018Q2
346,ACN,Accenture plc,20180628,2018,-0.2732,0.104,0.896,0.0,"Gw Henssler &amp; Associates LTD Trimmed Accenture Plc Ireland $ACN Position By $597,159; Kynikos Associates LP Cut By… https://t.co/yzqjgVnyHf",2018Q2
347,ACN,Accenture plc,20180628,2018,0.0516,0.0,0.934,0.066,Accenture plc $ACN Reaches $164.86 After 4.00% Up Move; Ellington Management Group Has Raised Platform Specialty Pr… https://t.co/005qrzMAFP,2018Q2
348,ACN,Accenture plc,20180628,2018,0.3612,0.0,0.884,0.116,Accenture Plc Ireland $ACN Holding Held by Evanson Asset Management Llc; Scott &amp; Selber Has Trimmed Facebook $FB Ho… https://t.co/FvNqymzKkH,2018Q2
349,ACN,Accenture plc,20180628,2018,0.3182,0.0,0.881,0.119,"$ACN Revenue from its digital, cloud and security-related services were a huge driver for the company's big quart… https://t.co/Zhcat7L6bZ",2018Q2
350,ACN,Accenture plc,20180628,2018,0.0,0.0,1.0,0.0,Iconiq Capital Stake In Apollo Coml Real Est Fin $ARI Was Has Lifted; Garrison Financial Holding in Accenture Plc.… https://t.co/4eRaQqnBgP,2018Q2
351,ACN,Accenture plc,20180628,2018,-0.128,0.091,0.909,0.0,Emerging Sovereign Group Lowered Jd Com $JD Stake as Valuation Declined; Cornerstone Investment Partners Increased… https://t.co/hD5ydMvHQw,2018Q2
352,ACN,Accenture plc,20180628,2018,0.4648,0.0,0.879,0.121,"RT @TradersCom: Earnings Before Open Thursday June 28
Exp EPS $SPX $QQQ
WALGREENS $WBA  1.47
SHAW $SJR 0.28
OMNOVA SOLUTION $OMN 0.19
MCCOR…",2018Q2
353,ACN,Accenture plc,20180628,2018,0.4648,0.0,0.868,0.132,"Earnings Before Open Thursday June 28
Exp EPS $SPX $QQQ
WALGREENS $WBA  1.47
SHAW $SJR 0.28
OMNOVA SOLUTION $OMN 0.… https://t.co/iNPmn4eNe5",2018Q2
354,ACN,Accenture plc,20180628,2018,0.0,0.0,1.0,0.0,"$ACN Listen to Q3 2018 Accenture plc Earnings Call live at 08:00 AM, ondemand after - https://t.co/mqlvB8iTGj",2018Q2
355,ACN,Accenture plc,20180628,2018,0.3612,0.0,0.878,0.122,Avalon Global Asset Management Increases Holding in Tesla $Put $TSLA; Accenture Plc Ireland $ACN Holding Held by Tr… https://t.co/D07tcjHcIz,2018Q2
356,ACN,Accenture plc,20180628,2018,0.0,0.0,1.0,0.0,KeyCorp Comments on Accenture Plc’s Q2 2019 Earnings $ACN https://t.co/MhtKkfHn3v,2018Q2
357,ACN,Accenture plc,20180628,2018,-0.3818,0.194,0.806,0.0,Arcadia Investment Management Lowered Accenture Plc Ireland $ACN Stake; Lone Pine Capital Has Upped Its Unitedhealt… https://t.co/v3CqG5J4zA,2018Q2
358,ACN,Accenture plc,20180628,2018,0.0,0.0,1.0,0.0,$ACN Accenture plc SEC Filing: Form 8-K https://t.co/iNFUJ52MIP,2018Q2
359,ACN,Accenture plc,20180628,2018,0.0,0.0,1.0,0.0,"$ACN Reports Q3 $1.79 v $1.71e, Rev $B v $10.0Be  Raises FY18 EPS $6.66-6.71 v $6.68e, Rev +9.5-10% cc, (prior FY18… https://t.co/HhXKmKNNc9",2018Q2
360,ACN,Accenture plc,20180628,2018,0.0,0.0,1.0,0.0,$ACN 0.5m ago: Accenture Plc Class A to Host Earnings Call https://t.co/Catne0Z9Ek,2018Q2
361,ACN,Accenture plc,20180628,2018,0.0,0.0,1.0,0.0,Brixmor Ppty Group $BRX Holder Financial &amp; Investment Management Group LTD Has Upped Its Holding by $2.06 Million;… https://t.co/iz683U8iDi,2018Q2
362,ACN,Accenture plc,20180628,2018,-0.2732,0.091,0.909,0.0,Ci Global Investments Has Cut Its Holding in Accenture Plc Ireland $ACN by $7.14 Million; As Procter &amp; Gamble $PG S… https://t.co/R8I5EAqBlC,2018Q2
363,ACN,Accenture plc,20180628,2018,0.0,0.0,1.0,0.0,KeyCorp Comments on Accenture Plc’s Q2 2019 Earnings $ACN https://t.co/0vaPyWVI4Y,2018Q2
364,ACN,Accenture plc,20180628,2018,0.0,0.0,1.0,0.0,KeyCorp Comments on Accenture Plc’s FY2018 Earnings $ACN https://t.co/z1RjrOAnC4,2018Q2
365,ACN,Accenture plc,20180628,2018,0.0,0.0,1.0,0.0,Accenture Plc $ACN Expected to Post Quarterly Sales of $10.02 Billion https://t.co/GJDp42vwWm,2018Q2
366,ACN,Accenture plc,20180628,2018,0.296,0.0,0.833,0.167,$1.71 Earnings Per Share Expected for Accenture Plc $ACN This Quarter https://t.co/iQG2otUY7i,2018Q2
367,ACN,Accenture plc,20180628,2018,0.0,0.0,1.0,0.0,$10.02 Billion in Sales Expected for Accenture Plc $ACN This Quarter https://t.co/TF8KYSKDk5,2018Q2
368,ACN,Accenture plc,20180628,2018,0.296,0.0,0.833,0.167,$1.71 Earnings Per Share Expected for Accenture Plc $ACN This Quarter https://t.co/VnHhzhcDOg,2018Q2
369,ACN,Accenture plc,20180627,2018,0.296,0.0,0.891,0.109,Public Employees Retirement System Of Ohio Has Trimmed Its Autodesk $ADSK Holding by $8.98 Million; Shares Rose; Co… https://t.co/ACLM0YLcvW,2018Q2
370,ACN,Accenture plc,20180627,2018,0.0,0.0,1.0,0.0,Brighton Jones Has Upped Its Accenture Plc Cls A Usd0.0000225 $ACN Holding; Morgan Stanley Has Decreased Its Chesap… https://t.co/NIGivbyzCu,2018Q2
371,ACN,Accenture plc,20180627,2018,0.4939,0.071,0.708,0.222,"Unum Group $UNM Share Price Declined While Leuthold Group Has Lowered Holding by $712,661; Evanson Asset Management… https://t.co/Gv5Wi7aYl9",2018Q2
372,ACN,Accenture plc,20180627,2018,-0.128,0.091,0.909,0.0,Accenture Plc Ireland $ACN Shareholder Mcrae Capital Management Trimmed Position; Blackstone Group LP Lowered Clear… https://t.co/ncxwtDJ7AJ,2018Q2
373,ACN,Accenture plc,20180627,2018,0.6633,0.0,0.734,0.266,"Campbell Newman Asset Management Lifted By $372,402 Its Accenture Plc $ACN Holding; NIDEC ORDINARY SHARES JAPAN… https://t.co/mckqWUKpdO",2018Q2
374,ACN,Accenture plc,20180627,2018,0.0,0.0,1.0,0.0,Gyroscope Capital Management Group Decreased Holding in Accenture Plc Ireland $ACN as Market Valuation Declined; Ge… https://t.co/jSzfArrYcf,2018Q2
375,ACN,Accenture plc,20180627,2018,0.4215,0.08,0.745,0.176,Raymond James Trust Has Lowered Accenture Plc $ACN Holding; Manpowergroup $MAN Shorts Decreased By 21.21% - https://t.co/Pp757h2uAj,2018Q2
376,ACN,Accenture plc,20180627,2018,0.0,0.0,1.0,0.0,Detour Gold $DGC Analysts See $0.18 EPS; Advisory Research Has Lifted Accenture Plc $ACN Holding https://t.co/ximg6TtppP,2018Q2
377,ACN,Accenture plc,20180627,2018,0.5106,0.0,0.845,0.155,Accenture Plc Ireland $ACN Stake Held by Trust Company; Bares Capital Management Has Trimmed Its Colfax $CFX Positi… https://t.co/cw5BMDWsNh,2018Q2
378,ACN,Accenture plc,20180627,2018,0.6037,0.068,0.684,0.248,"Autus Asset Management Has Lowered Accenture Plc Ireland $ACN Position By $475,218; K92 MINING COMMON SHARES CANADA… https://t.co/zvHHcbthEW",2018Q2
379,ACN,Accenture plc,20180627,2018,0.25,0.079,0.789,0.132,Shareholder Cornerstone Investment Partners Boosted Accenture Plc $ACN Holding; Sc China Holding LTD Has Lowered It… https://t.co/ZbdMnq9Bu5,2018Q2
380,ACN,Accenture plc,20180627,2018,0.3612,0.0,0.872,0.128,Newell Brands $NWL Shareholder Crystal Rock Capital Management Has Boosted Holding by $2.68 Million as Market Value… https://t.co/jF81HIMmnE,2018Q2
381,ACN,Accenture plc,20180627,2018,0.0,0.0,1.0,0.0,Raub Brock Capital Management LP Decreased Its Accenture Plc $ACN Position; Shorts at INTERMAP TECHNOLOGIES CORPORA… https://t.co/vAv0N9yYot,2018Q2
382,ACN,Accenture plc,20180627,2018,0.0,0.0,1.0,0.0,Analysts See $1.71 EPS for Accenture plc $ACN - https://t.co/FMPjn9Okbx,2018Q2
383,ACN,Accenture plc,20180627,2018,0.0,0.0,1.0,0.0,Accenture plc $ACN EPS Estimated At $1.71 https://t.co/TScAJvy6fv,2018Q2
384,ACN,Accenture plc,20180627,2018,0.0,0.0,1.0,0.0,EPS for Accenture plc $ACN Expected At $1.71 https://t.co/rWiRe57geP,2018Q2
385,ACN,Accenture plc,20180627,2018,0.0,0.0,1.0,0.0,Analysts See $1.71 EPS for Accenture plc $ACN https://t.co/LJYFYKnMgh,2018Q2
386,ACN,Accenture plc,20180627,2018,0.0,0.0,1.0,0.0,EPS for Accenture plc $ACN Expected At $1.71 https://t.co/MOdaJGVOTD,2018Q2
387,ACN,Accenture plc,20180627,2018,0.296,0.0,0.885,0.115,"As Accenture Plc Ireland $ACN Shares Declined, Stack Financial Management Has Decreased by $20.28 Million Its Stake… https://t.co/emxyg8vhBu",2018Q2
388,ACN,Accenture plc,20180627,2018,0.3612,0.0,0.865,0.135,Evanson Asset Management Lifted By $3.43 Million Its Accenture Plc Ireland $ACN Position; Catalyst Capital Advisors… https://t.co/6YxORkZZaC,2018Q2
389,ACN,Accenture plc,20180627,2018,0.0,0.0,1.0,0.0,Accenture plc $ACN EPS Estimated At $1.71; Integra Lifesciences Holdings $IART Shorts Down By 5.87% https://t.co/KkCBDgtUy8,2018Q2
